-- generated by Jailer 4.0.18, Wed Jan 08 16:36:13 CET 2014 from sereivuth@sereivuth-550P5C-550P7C
-- 
-- Extraction Model:  all rows from WINE (/home/sereivuth/Desktop/ProjetTIW5_DataSet/ProjetTIW5_DataSet.csv)
-- Database URL:      jdbc:h2:tcp://127.0.0.1/~/vin
-- Database User:     sa
-- 
-- Exported Rows:     77
--     WINE                           10
--     COMPOSITION                    10
--     LOCATION                       6
--     BOTTLE                         51
-- 
Insert into LOCATION(ID, COUNTRY, REGION, SUBREGION) values 
 (1, 'France', 'Rhone-Alpes', 'Rhone'), 
 (2, 'France', 'Rhone-Alpes', 'Anncy'), 
 (3, 'France', 'Rhone-Alpes', 'Grenoble'), 
 (4, 'France', 'Côte-d''Or', 'Dijon'), 
 (5, 'France', '	Rhone-Alpes', 'Ardèche'), 
 (6, 'France', 'Gironde et chef-lieu', 'Bordeaux');
Insert into WINE(ID, APPELLATION, COLOR, PERCENTAGE, PRICE, PRODUCER, VINEYARD, VINTAGE, STYLE, WINETYPE, LOCATION) values 
 ('ABC_TEST', 'Courante', 'Red', 29.0, 29.0, 'Ernest', 'Chateau la pompe', '2013-10-27', 'Eau courante', 'Ice', 1), 
 ('BourgogneRouge', 'aloxe-corton', 'Red', 12.0, 45.9, 'Bourgogne', 'Chateau la pompe', '2013-10-27', 'Eau courante', 'Resinated', 4), 
 ('CruRouge', 'alsace grand cru', 'Red', 49.3, 49.3, 'Bordeaux1er', 'Chateau la pompe', '2013-10-27', 'Eau courante', 'Resinated', 6), 
 ('CruRouge1er', 'alsace grand cru', 'Red', 12.0, 12.0, 'Bordeaux1er', 'Chateau la pompe', '2013-10-27', 'Eau courante', 'Resinated', 6), 
 ('CruRouge2er', 'alsace grand cru', 'Rose', 12.0, 56.2, 'Bordeaux1er', 'Chateau la pompe', '2013-10-27', 'Eau courante', 'Resinated', 6), 
 ('Côtes-du-rhône', 'Courante', 'Red', 28.0, 28.0, 'ArdècheLocal', 'Chateau la pompe', '2013-10-27', 'Eau courante', 'Straw', 5), 
 ('FrRedWine', 'Courante', 'Red', 18.9, 18.9, 'Ernest', 'Chateau la pompe', '2013-10-27', 'Eau courante', 'Ice', 3), 
 ('Red_Wine', 'Courante', 'Red', 29.0, 29.0, 'Ernest', 'Chateau la pompe', '2013-10-27', 'Eau courante', 'Ice', 2), 
 ('WhiskeyFR', 'Courante', 'White', 8.0, 45.9, 'Ernest', 'Chateau la pompe', '2013-10-27', 'Eau courante', 'Ice', 4), 
 ('White_Wine', 'Courante', 'White', 14.0, 14.0, 'Ernest', 'Chateau la pompe', '2013-10-27', 'Eau courante', 'Ice', 3);
Insert into BOTTLE(ID, WINE_ID) values 
 (8, 'WhiskeyFR'), 
 (9, 'Côtes-du-rhône'), 
 (10, 'BourgogneRouge'), 
 (11, 'CruRouge'), 
 (12, 'CruRouge'), 
 (13, 'CruRouge1er'), 
 (14, 'CruRouge2er'), 
 (15, 'CruRouge2er'), 
 (16, 'CruRouge2er'), 
 (17, 'BourgogneRouge'), 
 (18, 'BourgogneRouge'), 
 (19, 'BourgogneRouge'), 
 (20, 'BourgogneRouge'), 
 (21, 'BourgogneRouge'), 
 (22, 'BourgogneRouge'), 
 (23, 'BourgogneRouge'), 
 (24, 'BourgogneRouge'), 
 (25, 'WhiskeyFR'), 
 (26, 'WhiskeyFR'), 
 (27, 'WhiskeyFR'), 
 (28, 'WhiskeyFR'), 
 (29, 'WhiskeyFR'), 
 (30, 'WhiskeyFR'), 
 (31, 'WhiskeyFR'), 
 (32, 'WhiskeyFR'), 
 (33, 'WhiskeyFR'), 
 (34, 'WhiskeyFR'), 
 (35, 'ABC_TEST'), 
 (36, 'ABC_TEST'), 
 (37, 'ABC_TEST'), 
 (38, 'ABC_TEST'), 
 (39, 'ABC_TEST'), 
 (40, 'ABC_TEST'), 
 (41, 'ABC_TEST'), 
 (42, 'ABC_TEST'), 
 (43, 'ABC_TEST'), 
 (44, 'Red_Wine'), 
 (45, 'Red_Wine'), 
 (46, 'Red_Wine'), 
 (47, 'Red_Wine'), 
 (48, 'Red_Wine'), 
 (49, 'Red_Wine'), 
 (50, 'Red_Wine'), 
 (51, 'Red_Wine'), 
 (1, 'ABC_TEST'), 
 (2, 'ABC_TEST'), 
 (3, 'ABC_TEST'), 
 (4, 'Red_Wine'), 
 (5, 'Red_Wine'), 
 (6, 'White_Wine');
Insert into BOTTLE(ID, WINE_ID) values 
 (7, 'FrRedWine');
Insert into COMPOSITION(VARIETY, PERCENTAGE, WINE_ID) values 
 ('Eau', 2, 'Côtes-du-rhône'), 
 ('Eau', 100, 'Red_Wine'), 
 ('Eau', 12, 'BourgogneRouge'), 
 ('Eau', 12, 'CruRouge1er'), 
 ('Eau', 3, 'CruRouge2er'), 
 ('Eau', 100, 'ABC_TEST'), 
 ('Eau', 29, 'CruRouge'), 
 ('Eau', 90, 'White_Wine'), 
 ('Eau', 10, 'WhiskeyFR'), 
 ('Eau', 10, 'FrRedWine');

-- generated by Jailer 4.0.18, Wed Jan 08 16:36:52 CET 2014 from sereivuth@sereivuth-550P5C-550P7C
-- 
-- Extraction Model:  all rows from CLIENT (/home/sereivuth/Desktop/ProjetTIW5_DataSet/ProjetTIW5_DataSet.csv)
-- Database URL:      jdbc:h2:tcp://127.0.0.1/~/vin
-- Database User:     sa
-- 
-- Exported Rows:     6
--     CLIENT                         2
--     MESSAGE                        4
--
Insert into CLIENT(ID, COMPTE, EMAIL, MDP, NOM) values 
 (1, 99999.0, 'toto@toto.com', 'toto', 'toto'),
 (2, 99999.0, 'tata@tata.com', 'tata', 'tata');
Insert into MESSAGE(ID, CONTENUMESSAGE, DATE_ENVOYEMESSAGE, TITREMESSAGE, CLIENT_ID) values 
 (2, 'Bonjour Toto,<br /><br />Nous avons le plaisir de vous annoncer que votre commande vient de quitter nos entrepôts, livraison date : 2014-01-06<br /><br />L''équipe VinsDuMondeChezVous.com vous remercie pour votre confiance.<br /> A bientôt sur VinsDuMondeChezVous.com !', '2013-10-27', 'Votre commande vient d''être expédiée', 1), 
 (3, 'Bonjour Toto,<br /><br />Vous venez de commander :<br />Numéro de la commande : CMD-1<br />29.0 Euros<br />Montant total<br /><br />L''équipe VinsDuMondeChezVous.com vous remercie pour votre confiance.<br /> A bientôt sur VinsDuMondeChezVous.com !', '2013-10-27', 'Votre commande chez VinsDuMondeChezVous', 1), 
 (4, 'Bonjour Toto,<br /><br />Vous venez de payer votre commande : <br />Commande numéro : CMD-1<br />Montant total : 29.0 Euros<br /><br />L''équipe VinsDuMondeChezVous.com vous remercie pour votre confiance.<br /> A bientôt sur VinsDuMondeChezVous.com !', '2013-10-27', 'Confirmation de commande VinsDuMondeChezVous', 1), 
 (1, 'Bonjour Toto,<br /><br />Je vous confirmer que votre commande numéro CMD-1 a bien enregistrée<br /><br />L''équipe VinsDuMondeChezVous.com vous remercie pour votre confiance.<br /> A bientôt sur VinsDuMondeChezVous.com !', '2013-10-27', 'Votre commande est en cours de traitement', 1);